Aquamentus,Null,Null,Null,Null,Null,Null,Null,Aquamentus,Null,Null,HeartContainer,Null,Null,Null,Null
Null,Goriya,Null,Null,Null,Null,Aquamentus,Null,Null,Clock,Null,Null,Null,Null,Null,Null
Null,Null,Null,Null,Link,Null,Null,Null,Null,Null,Null,Null,Null,Null,Null,Null
Null,Null,Null,StillBlock,Null,Null,StillBlock,Null,Null,StillBlock,Null,Null,StillBlock,Null,Null,Null
Null,Null,Null,Null,Null,Null,Null,Null,Null,Null,Null,Null,Null,Null,Null,Null
Null,Null,Null,StillBlock,Null,Null,StillBlock,Null,Null,StillBlock,Null,Null,StillBlock,Null,Null,Null
Aquamentus,Null,Null,Null,Null,Null,Null,Null,Null,Heart,Null,Null,Null,Null,Null,Null
Null,Null,Null,StillBlock,Null,Null,StillBlock,Null,Null,StillBlock,Null,Null,StillBlock,Null,Null,Null
Aquamentus,Null,Null,Null,Null,Null,Null,Null,Null,Heart,Null,Null,Null,Null,Null,Null
Aquamentus,Null,Null,Null,Null,Null,Null,Null,Null,Heart,Null,Null,Null,Null,Null,Null
Aquamentus,Null,Null,Null,Null,Null,Null,Null,Null,Heart,Null,Null,Null,Null,Null,Null